#,NOMBRE,SEGUIDORES,TP,PAÍS,TEMA DE INFLUENCIA,ALCANCE POTENCIAL,GUARDAR,INVITAR A LA CAMPAÑA,channel_name,Total_Subscribers,Total_Views,Total_Videos
1,NoCopyrightSounds @UC_aEa8K-EOJ3D6gOs7HcyNg,32.9M,-,Reino Unido,Música,9.9M,,Ver Perfil,NoCopyrightSounds,33700000,11071419147,1633
2,DanTDM @UCS5Oz6CHmeoF7vSad0qqXfw,26.3M,-,Reino Unido,,7.9M,,Ver Perfil,DanTDM,28600000,19802408998,3705
3,KSI @UCVtFOytbRpEvzLjvqGG5gxQ,24M,-,Reino Unido,,7.2M,,Ver Perfil,KSI,24100000,6015064768,1252
4,Mister Max @UC_8PAD0Qmi6_gpe77S1Atgg,23M,0.001,Reino Unido,,6.9M,,Ver Perfil,Mister Max,24500000,16035783680,1141
5,Jelly @UC0DZmkupLYwc0yDsfocLh0A,22.9M,-,Reino Unido,,6.9M,,Ver Perfil,Jelly,23500000,15058679852,6375
6,Miss Katy @UCcartHVtvAUzfajflyeT_Gg,22.6M,-,Reino Unido,,6.8M,,Ver Perfil,Miss Katy,24600000,15555074796,1084
7,Dua Lipa @UC-J-KZfRV8c13fOCkhXdLiQ,21.1M,-,Reino Unido,,6.3M,,Ver Perfil,Dua Lipa,23400000,12920509598,258
8,Dan Rhodes @UC6D1L2vxEAg_Vi0JSxMBDgA,17.7M,0.003,Reino Unido,,5.3M,,Ver Perfil,Dan Rhodes,26800000,18689927139,1668
9,Ali-A @UCYVinkwSX7szARULgYpvhLw,17.7M,-,Reino Unido,,5.3M,,Ver Perfil,Ali-A,18900000,6489489032,4329
10,Gaby and Alex @UCHwBjRoGO1V-H8QYXjSVHkQ,17M,-,Reino Unido,,5.1M,,Ver Perfil,Gaby and Alex,17200000,8648950557,367
11,Sidemen @sidemen,17M,0.028,Reino Unido,,5.1M,,Ver Perfil,,0,0,0
12,Queen Official @UCiMhD4jzUqG-IgPzUmmytRQ,16.3M,-,Reino Unido,,4.9M,,Ver Perfil,Queen Official,17600000,11284694804,1160
13,Little Mix @UCIvqWqjC4aLvp7zI8hzARrA,16.1M,-,Reino Unido,,4.8M,,Ver Perfil,Little Mix,16300000,7838466387,278
14,JJ Olatunji @UCGmnsW623G1r-Chmo5RB4Yw,15.9M,-,Reino Unido,,4.8M,,Ver Perfil,JJ Olatunji,16300000,4242041806,1339
15,F2Freestylers - Ultimate Soccer Skills Channel @UCKvn9VBLAiLiYL4FFJHri6g,14M,0.002,Reino Unido,Celebridad,4.2M,,Ver Perfil,F2Freestylers - Ultimate Soccer Skills Channel,14100000,3343848085,780
16,BBC News @UC16niRr50-MSBwiO3YDb3RA,13.3M,-,Reino Unido,,4M,,Ver Perfil,BBC News,16000000,5288495715,21508
17,BBC @UCCj956IF62FbT7Gouszaj9w,12.9M,-,Reino Unido,,3.9M,,Ver Perfil,BBC,14200000,10417814544,19068
18,Awakening Music @UCBq5hp6DvwWam2XOXw6lYJA,12.4M,-,संयुक्त अधिराज्य,सङ्गीत,3.7M,,प्रोफ़ाइल देखें,Awakening Music,14100000,5944004595,934
19,DisneyChannelUK @UCLeuoGy_hUDTBf5Hk0ynrpQ,12.3M,-,संयुक्त अधिराज्य,,3.7M,,प्रोफ़ाइल देखें,DisneyChannelUK,13000000,13320185053,4523
20,colinfurze @UCp68_FLety0O-n9QU6phsgw,11.9M,0.006,संयुक्त अधिराज्य,,3.6M,,प्रोफ़ाइल देखें,colinfurze,13000000,1748132482,397
21,Mrwhosetheboss @UCMiJRAwDNSNzuYeN2uWa0pA,11.8M,0.019,संयुक्त अधिराज्य,,3.5M,,प्रोफ़ाइल देखें,Mrwhosetheboss,18500000,5349595595,1686
22,TommyInnit @UC5p_l5ZeB_wGjO_yDXwiqvw,11.7M,-,संयुक्त अधिराज्य,,3.5M,,प्रोफ़ाइल देखें,TommyInnit,14800000,2368549213,466
23,Morgz @UCBwSufNse8VMBvQM_rCSvgQ,11.6M,0.001,संयुक्त अधिराज्य,,3.5M,,प्रोफ़ाइल देखें,Morgz,12700000,3532618701,846
24,Tiana @UC6sSkkemzPjmrzS0Y0V_2zw,11.4M,-,संयुक्त अधिराज्य,,3.4M,,प्रोफ़ाइल देखें,Tiana,11400000,3243718817,1039
25,DisneyJuniorUK @UC7Gf2tZ8coTX2ckTPgn62iQ,11.2M,-,संयुक्त अधिराज्य,,3.4M,,प्रोफ़ाइल देखें,DisneyJuniorUK,12000000,12364010067,2888
26,Emily Tube @UC-0D1RlSzcvBoODCKSoLl2g,11M,-,संयुक्त अधिराज्य,,3.3M,,प्रोफ़ाइल देखें,Emily Tube,11100000,3718937197,727
27,Slogo @UCHdMK5Ef2El8KbD3L_WgANg,10.9M,-,संयुक्त अधिराज्य,,3.3M,,प्रोफ़ाइल देखें,Slogo,11700000,8909417557,6324
28,Jessie J @UC4pEp0mo54WhEBCTYvjVDJA,10.4M,-,संयुक्त अधिराज्य,,3.1M,,प्रोफ़ाइल देखें,Jessie J,10600000,5795719260,96
29,Sing King @UCwTRjvjVge51X-ILJ4i22ew,10.2M,-,संयुक्त अधिराज्य,,3.1M,,प्रोफ़ाइल देखें,Sing King,11900000,7820735104,4334
30,BBC News عربي @UCelk6aHijZq-GJBBB9YpReA,10.1M,-,संयुक्त अधिराज्य,,3M,,प्रोफ़ाइल देखें,BBC News عربي,11500000,4896020710,40551
31,Classic Mr Bean @UCEwIUtFBhaI2L2PuKv0KL2g,9.9M,-,संयुक्त अधिराज्य,,3M,,प्रोफ़ाइल देखें,Classic Mr Bean,10400000,3406054632,1721
32,Syndicate @UC1ieoHqKW-yYgDhLHIcx28w,9.7M,-,संयुक्त अधिराज्य,,2.9M,,प्रोफ़ाइल देखें,Syndicate,9610000,2133522659,3530
33,Gorillaz @UCfIXdjDQH9Fau7y99_Orpjw,9.4M,0.001,संयुक्त अधिराज्य,,2.8M,,प्रोफ़ाइल देखें,Gorillaz,10900000,5810621528,363
34,Woody & Kleiny @UCoGForHQAmk0_9rI9CABeYw,9.4M,0.011,संयुक्त अधिराज्य,,2.8M,,प्रोफ़ाइल देखें,Woody & Kleiny,15500000,14236518267,1096
35,Jungle Beat @UChUHOEe7zgYmrv7a_LlpNng,9.3M,-,संयुक्त अधिराज्य,यात्रा,2.8M,,प्रोफ़ाइल देखें,Jungle Beat,11600000,5809579183,814
36,Julius Dein @juliusdein,9.2M,-,संयुक्त अधिराज्य,,2.8M,,प्रोफ़ाइल देखें,,0,0,0
37,The X Factor UK @UCEY1ejsweY4DgMwOVJeEaBA,9.1M,0.001,संयुक्त अधिराज्य,,2.7M,,प्रोफ़ाइल देखें,The X Factor UK,9170000,6998897201,5502
38,English with Lucy @UCz4tgANd4yy8Oe0iXCdSWfA,9M,-,संयुक्त अधिराज्य,,2.7M,,प्रोफ़ाइल देखें,English with Lucy,10900000,498763004,405
39,Shaun the Sheep @UCS7H8U-n5mINVJjJsaRtGHg,8.9M,-,संयुक्त अधिराज्य,,2.7M,,प्रोफ़ाइल देखें,Shaun the Sheep,11900000,6348520705,861
40,Cartoons for Kids @UC977n5nXRn8MDuGQjwxkOLw,8.7M,-,संयुक्त अधिराज्य,,2.6M,,प्रोफ़ाइल देखें,Cartoons for Kids,9000000,3401660492,2500
41,Mumbo Jumbo @UChFur_NwVSbUozOcF_F2kMg,8.5M,0.017,संयुक्त अधिराज्य,भिडियो गेमिङ,2.6M,,प्रोफ़ाइल देखें,Mumbo Jumbo,9360000,3052497312,2074
42,Top Gear @UCjOl2AUblVmg2rA_cRgZkFg,8.4M,-,संयुक्त अधिराज्य,,2.5M,,प्रोफ़ाइल देखें,Top Gear,8940000,3984586861,1871
43,Moonbug Kids - Kids Learning Videos @UC1QqdFv5e9QSEi0eYdfwuqw,8.3M,-,संयुक्त अधिराज्य,,2.5M,,प्रोफ़ाइल देखें,Moonbug Kids - Kids Learning Videos,11000000,4206561717,1472
44,BBC Radio 1 @UC-FQUIVQ-bZiefzBiQAa8Fw,8.1M,-,संयुक्त अधिराज्य,,2.4M,,प्रोफ़ाइल देखें,BBC Radio 1,8250000,3722209399,4866
45,Liverpool FC @liverpoolfc,8M,-,संयुक्त अधिराज्य,,2.4M,,प्रोफ़ाइल देखें,,0,0,0
46,Grian @UCR9Gcq0CMm6YgTzsDxAxjOQ,7.8M,0.018,संयुक्त अधिराज्य,,2.3M,,प्रोफ़ाइल देखें,Grian,8520000,2452320632,754
47,Daz Games @UCDBCCMlFD-hArPbWv38FINA,7.6M,0.003,संयुक्त अधिराज्य,,2.3M,,प्रोफ़ाइल देखें,Daz Games,8570000,2699324743,1567
48,Vikkstar123 @UCvwgF_0NOZe2vN4Q3g1bY-A,7.6M,-,संयुक्त अधिराज्य,,2.3M,,प्रोफ़ाइल देखें,Vikkstar123,7600000,2160368673,5042
49,PlayToys @UCHFA6Nt11kE_8OWIya0SQDQ,7.6M,-,संयुक्त अधिराज्य,,2.3M,,प्रोफ़ाइल देखें,PlayToys,7800000,3054145095,1015
50,carwow @UCUhFaUpnq31m6TNX2VKVSVA,7.5M,0.002,संयुक्त अधिराज्य,,2.2M,,प्रोफ़ाइल देखें,carwow,9220000,3883557749,2652
51,Jeremy Lynch @UC5Y1pPVNm-odhiubuRO1D6A,7.4M,-,संयुक्त अधिराज्य,,2.2M,,प्रोफ़ाइल देखें,Jeremy Lynch,11800000,6312547018,766
52,TomSka @UCOYWgypDktXdb-HfZnSMK6A,7.2M,0.022,संयुक्त अधिराज्य,,2.2M,,प्रोफ़ाइल देखें,TomSka,7280000,2079151544,177
53,YOGSCAST Lewis & Simon @UCH-_hzb2ILSCo9ftVSnrCIQ,7.1M,-,संयुक्त अधिराज्य,समाचारहरू,2.1M,,प्रोफ़ाइल देखें,YOGSCAST Lewis & Simon,7070000,4570946668,6483
54,LDShadowLady @UCzTlXb7ivVzuFlugVCv3Kvg,7M,-,संयुक्त अधिराज्य,भिडियो गेमिङ,2.1M,,प्रोफ़ाइल देखें,LDShadowLady,7170000,3434754506,1077
55,The Beatles @UCc4K7bAqpdBP8jh1j9XZAww,6.9M,0.001,संयुक्त अधिराज्य,,2.1M,,प्रोफ़ाइल देखें,The Beatles,8260000,6883450152,317
56,Passenger @UCFHtCB_FWXQ8GpjgfYcD8-g,6.9M,-,संयुक्त अधिराज्य,,2.1M,,प्रोफ़ाइल देखें,Passenger,7380000,4521686470,387
57,MessYourself @UCrSgaO6xOY8YV1EoCbD51HA,6.9M,-,संयुक्त अधिराज्य,,2.1M,,प्रोफ़ाइल देखें,MessYourself,6870000,2568473849,1068
58,MoreSidemen @UCh5mLn90vUaB1PbRRx_AiaA,6.8M,0.006,संयुक्त अधिराज्य,,2M,,प्रोफ़ाइल देखें,MoreSidemen,8360000,4294500010,1018
59,Boomerang UK @UCmst562fALOY2cKb4IFgqEg,6.8M,-,संयुक्त अधिराज्य,,2M,,प्रोफ़ाइल देखें,Boomerang UK,7310000,3617362025,2339
60,James Arthur @UCV5Gw7GGOMxe6SSF6llp_3Q,6.8M,-,संयुक्त अधिराज्य,,2M,,प्रोफ़ाइल देखें,James Arthur,7390000,4409451593,202
61,ARPO The Robot @UCrSx8rek9EuC3YGHvG8aalw,6.7M,-,संयुक्त अधिराज्य,,2M,,प्रोफ़ाइल देखें,ARPO The Robot,7690000,3248478839,1346
62,24 News HD @UCcmpeVbSSQlZRvHfdC-CRwg,6.7M,-,संयुक्त अधिराज्य,,2M,,प्रोफ़ाइल देखें,24 News HD,7800000,3440068510,167078
63,RubyandBonnie @UC_wITz-Ze4JFc3WLQA1n3Hw,6.6M,-,संयुक्त अधिराज्य,,2M,,प्रोफ़ाइल देखें,RubyandBonnie,8940000,5175090352,628
64,Nickelodeon UK @UCHiceVclOIFCgAcveITRLLw,6.6M,-,संयुक्त अधिराज्य,,2M,,प्रोफ़ाइल देखें,Nickelodeon UK,6980000,7410578737,3268
65,Mark Ronson @UCSY5V7BJSrxNvvBF0Drslow,6.5M,-,संयुक्त अधिराज्य,,2M,,प्रोफ़ाइल देखें,Mark Ronson,6880000,6521643876,20
66,Rhia Official @UCQdsJ95w9jh-yB0BA6EDGWA,6.4M,-,संयुक्त अधिराज्य,,1.9M,,प्रोफ़ाइल देखें,Rhia Official,12600000,5886760204,911
67,UKF Dubstep @UCfLFTP1uTuIizynWsZq2nkQ,6.3M,-,संयुक्त अधिराज्य,,1.9M,,प्रोफ़ाइल देखें,UKF Dubstep,6250000,2123821087,1725
68,TGFbro @UCOgUcv_9DaivXzsN9mcHIzQ,6.2M,0.009,संयुक्त अधिराज्य,,1.9M,,प्रोफ़ाइल देखें,TGFbro,6170000,1461605916,472
69,Wilbur Soot @UC1n_PfsVqxllCcnMPlxBIjw,6.2M,0.026,संयुक्त अधिराज्य,,1.9M,,प्रोफ़ाइल देखें,Wilbur Soot,5870000,795921527,139
70,Russell Brand @UCswH8ovgUp5Bdg-0_JTYFNw,6.2M,-,संयुक्त अधिराज्य,,1.9M,,प्रोफ़ाइल देखें,Russell Brand,6790000,1280093517,2746
71,Manchester United @UC6yW44UGJJBvYTlfC7CRg2Q,6.2M,0.002,संयुक्त अधिराज्य,,1.9M,,प्रोफ़ाइल देखें,Manchester United,8900000,2153318714,4059
72,Pingu - Official Channel @UCM88mtSE0zRTn5ae4EbYcuw,6.2M,-,संयुक्त अधिराज्य,,1.8M,,प्रोफ़ाइल देखें,Pingu - Official Channel,6910000,2810780354,634
73,Mrwhosetheboss Shorts @UCZSlfzadjnw7G419c_OJ9eg,6.1M,-,संयुक्त अधिराज्य,,1.8M,,प्रोफ़ाइल देखें,Mrwhosetheboss Shorts,7100000,3736098268,186
74,Niko Omilana @UCdcUmdOxMrhRjKMw-BX19AA,6M,0.162,संयुक्त अधिराज्य,,1.8M,,प्रोफ़ाइल देखें,Niko Omilana,7470000,619351082,141
75,Tiana Wilson @UC7_yh9PEDpaqp34QtGO-_Yw,5.9M,-,संयुक्त अधिराज्य,,1.8M,,प्रोफ़ाइल देखें,Tiana Wilson,5870000,1643331954,429
76,Capital FM @UCZzwjZPc6R_PbnDgFVMwlvQ,5.8M,-,संयुक्त अधिराज्य,,1.7M,,प्रोफ़ाइल देखें,Capital FM,6140000,3557468061,2560
77,Simon's Cat @UCH6vXjt-BA7QHl0KnfL-7RQ,5.8M,0.003,संयुक्त अधिराज्य,,1.7M,,प्रोफ़ाइल देखें,Simon's Cat,6230000,1581060265,485
78,CGP Grey @UC2C_jShtL725hvbm1arSV9w,5.8M,-,संयुक्त अधिराज्य,,1.7M,,प्रोफ़ाइल देखें,CGP Grey,6320000,1026557813,189
79,Jamie Oliver @UCpSgg_ECBj25s9moCDfSTsA,5.8M,-,संयुक्त अधिराज्य,,1.7M,,प्रोफ़ाइल देखें,Jamie Oliver,5930000,960191721,2121
80,ChrisMD @sirhcchris2010,5.6M,0.022,संयुक्त अधिराज्य,,1.7M,,प्रोफ़ाइल देखें,,0,0,0
81,Dumori Bay @UC-VDfQNL-S44eZscGlXI14g,5.6M,-,संयुक्त अधिराज्य,,1.7M,,प्रोफ़ाइल देखें,Dumori Bay,5350000,1129083,225
82,Space Videos @UCakgsb0w7QB0VHdnCc-OVEA,5.5M,-,संयुक्त अधिराज्य,,1.7M,,प्रोफ़ाइल देखें,Space Videos,5650000,113892294,136
83,Real Stories @UCu4XcDBdnZkV6-5z2f16M0g,5.5M,-,संयुक्त अधिराज्य,प्रसिद्धि,1.7M,,प्रोफ़ाइल देखें,Real Stories,6310000,1178284277,1158
84,More Emily @UCO66lK14MYiXlu0A6pQ4ouA,5.4M,-,संयुक्त अधिराज्य,,1.6M,,प्रोफ़ाइल देखें,More Emily,5290000,1480308254,634
85,GRM Daily @UCqTwKvjbTENZDGbz2si47ag,5.3M,-,संयुक्त अधिराज्य,,1.6M,,प्रोफ़ाइल देखें,GRM Daily,6320000,7517470810,14798
86,Joe Weller @UCLk9wddjT0F-HILLRFXodtg,5.3M,0.019,संयुक्त अधिराज्य,,1.6M,,प्रोफ़ाइल देखें,Joe Weller,5290000,1015262080,321
87,WildBrain Kids @UCbmWOFTbZoDLWqG1rvFnJ0g,5.2M,-,संयुक्त अधिराज्य,प्रसिद्धि,1.6M,,प्रोफ़ाइल देखें,WildBrain Kids,8480000,4122859450,5074
88,Sky News @UCoMdktPbSTixAyNGwb-UYkQ,5.2M,-,संयुक्त अधिराज्य,,1.5M,,प्रोफ़ाइल देखें,Sky News,7710000,4374181492,47314
89,Jarvis @UCvxfEIG3PHpgM0TMJJ_SH-w,5M,0.008,संयुक्त अधिराज्य,,1.5M,,प्रोफ़ाइल देखें,Jarvis,5680000,1703931909,713
90,Thoughty2 @UCRlICXvO4XR4HMeEB9JjDlA,5M,-,संयुक्त अधिराज्य,,1.5M,,प्रोफ़ाइल देखें,Thoughty2,5400000,1044291888,817
91,TheDadLab @thedadlab,5M,-,संयुक्त अधिराज्य,,1.5M,,प्रोफ़ाइल देखें,,0,0,0
92,Behzinga @UCHhfSXoDG6gSgpOvLH4wrRw,4.9M,-,संयुक्त अधिराज्य,,1.5M,,प्रोफ़ाइल देखें,Behzinga,4960000,580199294,872
93,BBC Learning English @UCHaHD477h-FeBbVh9Sh7syA,4.8M,-,संयुक्त अधिराज्य,,1.4M,,प्रोफ़ाइल देखें,BBC Learning English,6500000,338069362,3607
94,Max and Katy @UCvZwcK22QTUaM18KE7mHeNw,4.8M,-,संयुक्त अधिराज्य,,1.4M,,प्रोफ़ाइल देखें,Max and Katy,4730000,1316964117,507
95,Man City @UCkzCjdRMrW2vXLx8mvPVLdQ,4.8M,-,संयुक्त अधिराज्य,,1.4M,,प्रोफ़ाइल देखें,Man City,7310000,1994652002,8345
96,Wisp @UC0h07r_UgTD0Tc-Dn5XLX3g,4.7M,0.011,संयुक्त अधिराज्य,,1.4M,,प्रोफ़ाइल देखें,Wisp,5190000,1077649596,518
97,WillNE @UCaFUrR3oSxOl5Y9y6tvLTEg,4.7M,0.024,संयुक्त अधिराज्य,,1.4M,,प्रोफ़ाइल देखें,WillNE,5040000,856395548,305
98,Zerkaa @UChntGq8THlUokhc1tT-M2wA,4.7M,0.023,संयुक्त अधिराज्य,,1.4M,,प्रोफ़ाइल देखें,Zerkaa,4710000,854522941,2012
99,Ben Phillips @UChoQQRDf-zU1h6_YjKkWvdw,4.6M,-,संयुक्त अधिराज्य,,1.4M,,प्रोफ़ाइल देखें,Ben Phillips,4540000,1272426711,859
100,Roxxsaurus @UCBKFH7bU2ebvO68FtuGjyyw,4.5M,-,संयुक्त अधिराज्य,,1.4M,,प्रोफ़ाइल देखें,Roxxsaurus,4580000,540615342,942
